census_tract,PlaceType,count_of_Active_PlaceStatus
17031030900,Personal Service,1
17031030900,Retail,1
17031031000,Arts and Entertainment,6
17031031000,Childcare and Schools,1
17031031000,Dining,7
17031031000,"Financial, Insurance, Real Estate, Legal, and Professional",28
17031031000,Health Services,26
17031031000,Industrial,1
17031031000,Personal Service,9
17031031000,Public Services,3
17031031000,Retail,16
17031031000,Service or Programmed Residential Space,1
17031031000,Social Services & Political Advocacy,4
17031031000,Trade Service,36
17031031000,Unknown,1
17031031000,"Wholesale, storage and transit",2
17031031100,Arts and Entertainment,12
17031031100,Childcare and Schools,2
17031031100,Dining,10
17031031100,"Financial, Insurance, Real Estate, Legal, and Professional",27
17031031100,Fitness,1
17031031100,Health Services,4
17031031100,Personal Service,5
17031031100,Public Services,2
17031031100,Religious (except school or residence),2
17031031100,Retail,10
17031031100,Service or Programmed Residential Space,1
17031031100,Social Services & Political Advocacy,3
17031031100,Trade Service,17
17031031100,"Wholesale, storage and transit",4
17031031200,Arts and Entertainment,6
17031031200,Childcare and Schools,5
17031031200,Dining,33
17031031200,"Financial, Insurance, Real Estate, Legal, and Professional",17
17031031200,Health Services,12
17031031200,Personal Service,6
17031031200,Religious (except school or residence),1
17031031200,Retail,18
17031031200,Service or Programmed Residential Space,9
17031031200,Social Services & Political Advocacy,2
17031031200,Trade Service,5
17031031200,"Wholesale, storage and transit",2
17031031300,Arts and Entertainment,9
17031031300,Childcare and Schools,5
17031031300,Dining,1
17031031300,"Financial, Insurance, Real Estate, Legal, and Professional",27
17031031300,Fitness,3
17031031300,Health Services,5
17031031300,Industrial,2
17031031300,Personal Service,2
17031031300,Religious (except school or residence),1
17031031300,Retail,9
17031031300,Service or Programmed Residential Space,9
17031031300,Social Services & Political Advocacy,3
17031031300,Trade Service,11
17031031300,Unknown,2
17031031300,"Wholesale, storage and transit",7
17031031400,Arts and Entertainment,6
17031031400,Childcare and Schools,5
17031031400,Dining,1
17031031400,"Financial, Insurance, Real Estate, Legal, and Professional",41
17031031400,Health Services,36
17031031400,Industrial,1
17031031400,Personal Service,5
17031031400,Public Services,1
17031031400,Retail,9
17031031400,Service or Programmed Residential Space,1
17031031400,Social Services & Political Advocacy,2
17031031400,Trade Service,13
17031031400,"Wholesale, storage and transit",6
17031031501,Arts and Entertainment,1
17031031501,Childcare and Schools,3
17031031501,Dining,1
17031031501,"Financial, Insurance, Real Estate, Legal, and Professional",5
17031031501,Health Services,3
17031031501,Personal Service,1
17031031501,Religious (except school or residence),3
17031031501,Retail,4
17031031501,Service or Programmed Residential Space,3
17031031501,Social Services & Political Advocacy,3
17031031501,Trade Service,6
17031031501,"Wholesale, storage and transit",1
17031031502,Arts and Entertainment,3
17031031502,Childcare and Schools,1
17031031502,Dining,4
17031031502,"Financial, Insurance, Real Estate, Legal, and Professional",14
17031031502,Health Services,5
17031031502,Other,2
17031031502,Personal Service,6
17031031502,Retail,11
17031031502,Service or Programmed Residential Space,1
17031031502,Social Services & Political Advocacy,2
17031031502,Trade Service,5
17031031700,Arts and Entertainment,10
17031031700,Childcare and Schools,2
17031031700,Dining,14
17031031700,"Financial, Insurance, Real Estate, Legal, and Professional",26
17031031700,Fitness,1
17031031700,Health Services,12
17031031700,Industrial,1
17031031700,Other,1
17031031700,Personal Service,9
17031031700,Religious (except school or residence),4
17031031700,Retail,14
17031031700,Service or Programmed Residential Space,11
17031031700,Social Services & Political Advocacy,6
17031031700,Trade Service,20
17031031700,"Wholesale, storage and transit",5
17031031800,Arts and Entertainment,5
17031031800,Childcare and Schools,4
17031031800,Dining,5
17031031800,"Financial, Insurance, Real Estate, Legal, and Professional",12
17031031800,Fitness,1
17031031800,Health Services,7
17031031800,Other,1
17031031800,Personal Service,4
17031031800,Public Services,1
17031031800,Religious (except school or residence),2
17031031800,Retail,8
17031031800,Social Services & Political Advocacy,1
17031031800,Trade Service,15
17031031800,"Wholesale, storage and transit",3
17031031900,Arts and Entertainment,6
17031031900,Childcare and Schools,1
17031031900,Dining,3
17031031900,"Financial, Insurance, Real Estate, Legal, and Professional",18
17031031900,Fitness,1
17031031900,Health Services,10
17031031900,Industrial,1
17031031900,Personal Service,4
17031031900,Religious (except school or residence),4
17031031900,Retail,18
17031031900,Social Services & Political Advocacy,1
17031031900,Trade Service,14
17031031900,"Wholesale, storage and transit",7
17031032100,Arts and Entertainment,7
17031032100,Childcare and Schools,4
17031032100,Dining,6
17031032100,"Financial, Insurance, Real Estate, Legal, and Professional",29
17031032100,Fitness,3
17031032100,Health Services,30
17031032100,Other,2
17031032100,Personal Service,11
17031032100,Public Services,2
17031032100,Retail,13
17031032100,Service or Programmed Residential Space,8
17031032100,Social Services & Political Advocacy,5
17031032100,Trade Service,19
17031032100,"Wholesale, storage and transit",4
17031040402,"Financial, Insurance, Real Estate, Legal, and Professional",1
17031040402,Health Services,2
17031040402,Personal Service,1
17031040402,Trade Service,1
17031040800,"Financial, Insurance, Real Estate, Legal, and Professional",1
17031050600,Trade Service,1
17031062600,Childcare and Schools,1
17031130200,Dining,3
17031130200,Personal Service,2
17031130200,Retail,1
17031140100,Childcare and Schools,2
17031140100,Dining,5
17031140100,"Financial, Insurance, Real Estate, Legal, and Professional",6
17031140100,Health Services,5
17031140100,Industrial,3
17031140100,Other,1
17031140100,Personal Service,3
17031140100,Retail,8
17031140100,Trade Service,8
17031140100,"Wholesale, storage and transit",5
17031140200,Arts and Entertainment,5
17031140200,Childcare and Schools,6
17031140200,Dining,11
17031140200,"Financial, Insurance, Real Estate, Legal, and Professional",11
17031140200,Fitness,1
17031140200,Health Services,6
17031140200,Personal Service,6
17031140200,Religious (except school or residence),2
17031140200,Retail,19
17031140200,Service or Programmed Residential Space,2
17031140200,Social Services & Political Advocacy,3
17031140200,Trade Service,9
17031140200,"Wholesale, storage and transit",3
17031140301,Arts and Entertainment,3
17031140301,Childcare and Schools,1
17031140301,Dining,12
17031140301,"Financial, Insurance, Real Estate, Legal, and Professional",6
17031140301,Fitness,1
17031140301,Personal Service,4
17031140301,Retail,18
17031140301,Service or Programmed Residential Space,1
17031140301,Trade Service,4
17031140301,"Wholesale, storage and transit",2
17031140302,Arts and Entertainment,2
17031140302,Childcare and Schools,1
17031140302,Fitness,1
17031140302,Health Services,6
17031140302,Religious (except school or residence),3
17031140302,Retail,4
17031140302,Trade Service,12
17031140302,"Wholesale, storage and transit",2
17031140400,Arts and Entertainment,3
17031140400,Childcare and Schools,2
17031140400,Dining,16
17031140400,"Financial, Insurance, Real Estate, Legal, and Professional",26
17031140400,Fitness,1
17031140400,Health Services,8
17031140400,Industrial,1
17031140400,Personal Service,10
17031140400,Public Services,1
17031140400,Religious (except school or residence),2
17031140400,Retail,28
17031140400,Service or Programmed Residential Space,1
17031140400,Social Services & Political Advocacy,6
17031140400,Trade Service,40
17031140400,"Wholesale, storage and transit",11
17031140500,Arts and Entertainment,1
17031140500,Childcare and Schools,2
17031140500,Dining,10
17031140500,"Financial, Insurance, Real Estate, Legal, and Professional",14
17031140500,Fitness,4
17031140500,Health Services,4
17031140500,Industrial,1
17031140500,Personal Service,8
17031140500,Religious (except school or residence),3
17031140500,Retail,17
17031140500,Social Services & Political Advocacy,1
17031140500,Trade Service,21
17031140500,"Wholesale, storage and transit",7
17031140601,Arts and Entertainment,2
17031140601,Childcare and Schools,1
17031140601,Dining,11
17031140601,"Financial, Insurance, Real Estate, Legal, and Professional",6
17031140601,Health Services,4
17031140601,Personal Service,6
17031140601,Retail,18
17031140601,Service or Programmed Residential Space,2
17031140601,Social Services & Political Advocacy,1
17031140601,Trade Service,9
17031140601,"Wholesale, storage and transit",3
17031140602,Arts and Entertainment,2
17031140602,Childcare and Schools,4
17031140602,Dining,6
17031140602,"Financial, Insurance, Real Estate, Legal, and Professional",9
17031140602,Health Services,8
17031140602,Personal Service,2
17031140602,Retail,12
17031140602,Trade Service,6
17031140602,"Wholesale, storage and transit",8
17031140701,Arts and Entertainment,2
17031140701,Childcare and Schools,2
17031140701,Dining,15
17031140701,"Financial, Insurance, Real Estate, Legal, and Professional",12
17031140701,Health Services,6
17031140701,Personal Service,6
17031140701,Religious (except school or residence),1
17031140701,Retail,23
17031140701,Social Services & Political Advocacy,2
17031140701,Trade Service,8
17031140702,Arts and Entertainment,1
17031140702,Childcare and Schools,3
17031140702,Dining,16
17031140702,"Financial, Insurance, Real Estate, Legal, and Professional",13
17031140702,Fitness,3
17031140702,Health Services,3
17031140702,Personal Service,8
17031140702,Public Services,2
17031140702,Religious (except school or residence),3
17031140702,Retail,19
17031140702,Social Services & Political Advocacy,2
17031140702,Trade Service,20
17031140702,"Wholesale, storage and transit",3
17031140800,Arts and Entertainment,9
17031140800,Childcare and Schools,10
17031140800,Dining,13
17031140800,"Financial, Insurance, Real Estate, Legal, and Professional",38
17031140800,Fitness,4
17031140800,Health Services,24
17031140800,Other,1
17031140800,Personal Service,17
17031140800,Religious (except school or residence),4
17031140800,Retail,29
17031140800,Service or Programmed Residential Space,1
17031140800,Social Services & Political Advocacy,5
17031140800,Trade Service,35
17031140800,"Wholesale, storage and transit",4
17031150300,Retail,1
17031160601,Dining,1
17031160601,Religious (except school or residence),1
17031170900,Trade Service,1
17031191100,Social Services & Political Advocacy,1
17031200100,Arts and Entertainment,4
17031200100,Childcare and Schools,1
17031200100,Dining,4
17031200100,"Financial, Insurance, Real Estate, Legal, and Professional",3
17031200100,Health Services,1
17031200100,Personal Service,5
17031200100,Religious (except school or residence),1
17031200100,Retail,6
17031200100,Trade Service,14
17031200100,"Wholesale, storage and transit",4
17031200200,Arts and Entertainment,1
17031200200,Childcare and Schools,2
17031200200,Dining,5
17031200200,"Financial, Insurance, Real Estate, Legal, and Professional",4
17031200200,Health Services,3
17031200200,Industrial,6
17031200200,Personal Service,10
17031200200,Public Services,1
17031200200,Religious (except school or residence),5
17031200200,Retail,18
17031200200,Social Services & Political Advocacy,2
17031200200,Trade Service,20
17031200200,"Wholesale, storage and transit",8
17031200300,Childcare and Schools,1
17031200300,Dining,5
17031200300,"Financial, Insurance, Real Estate, Legal, and Professional",11
17031200300,Health Services,4
17031200300,Industrial,3
17031200300,Personal Service,4
17031200300,Religious (except school or residence),5
17031200300,Retail,12
17031200300,Trade Service,7
17031200300,"Wholesale, storage and transit",2
17031200401,Childcare and Schools,2
17031200401,Dining,3
17031200401,"Financial, Insurance, Real Estate, Legal, and Professional",4
17031200401,Fitness,3
17031200401,Health Services,1
17031200401,Personal Service,3
17031200401,Religious (except school or residence),2
17031200401,Retail,2
17031200401,Social Services & Political Advocacy,1
17031200401,Trade Service,7
17031200401,"Wholesale, storage and transit",1
17031200402,Arts and Entertainment,3
17031200402,Childcare and Schools,1
17031200402,Dining,7
17031200402,"Financial, Insurance, Real Estate, Legal, and Professional",6
17031200402,Fitness,1
17031200402,Health Services,2
17031200402,Industrial,1
17031200402,Personal Service,4
17031200402,Religious (except school or residence),5
17031200402,Retail,8
17031200402,Trade Service,6
17031200402,"Wholesale, storage and transit",2
17031210602,"Financial, Insurance, Real Estate, Legal, and Professional",1
17031210700,"Financial, Insurance, Real Estate, Legal, and Professional",1
17031210800,Retail,1
17031210900,Health Services,1
17031220300,Arts and Entertainment,3
17031220300,Childcare and Schools,1
17031220300,Dining,3
17031220300,"Financial, Insurance, Real Estate, Legal, and Professional",8
17031220300,Fitness,1
17031220300,Health Services,4
17031220300,Personal Service,2
17031220300,Retail,3
17031220300,Service or Programmed Residential Space,2
17031220300,Social Services & Political Advocacy,3
17031220300,Trade Service,11
17031220400,Arts and Entertainment,5
17031220400,Dining,12
17031220400,"Financial, Insurance, Real Estate, Legal, and Professional",13
17031220400,Health Services,5
17031220400,Personal Service,4
17031220400,Religious (except school or residence),3
17031220400,Retail,8
17031220400,Service or Programmed Residential Space,1
17031220400,Trade Service,18
17031220400,"Wholesale, storage and transit",2
17031220500,Arts and Entertainment,6
17031220500,Childcare and Schools,2
17031220500,Dining,19
17031220500,"Financial, Insurance, Real Estate, Legal, and Professional",10
17031220500,Health Services,4
17031220500,Other,1
17031220500,Personal Service,10
17031220500,Public Services,1
17031220500,Religious (except school or residence),1
17031220500,Retail,14
17031220500,Social Services & Political Advocacy,1
17031220500,Trade Service,12
17031220500,"Wholesale, storage and transit",1
17031220601,Arts and Entertainment,2
17031220601,Childcare and Schools,1
17031220601,Dining,8
17031220601,"Financial, Insurance, Real Estate, Legal, and Professional",8
17031220601,Fitness,2
17031220601,Health Services,9
17031220601,Industrial,1
17031220601,Other,1
17031220601,Personal Service,2
17031220601,Public Services,2
17031220601,Religious (except school or residence),1
17031220601,Retail,7
17031220601,Trade Service,6
17031220602,Arts and Entertainment,4
17031220602,Childcare and Schools,1
17031220602,Dining,13
17031220602,"Financial, Insurance, Real Estate, Legal, and Professional",8
17031220602,Health Services,8
17031220602,Personal Service,7
17031220602,Religious (except school or residence),2
17031220602,Retail,21
17031220602,Service or Programmed Residential Space,2
17031220602,Social Services & Political Advocacy,7
17031220602,Trade Service,11
17031220602,"Wholesale, storage and transit",1
17031220701,Arts and Entertainment,2
17031220701,Childcare and Schools,1
17031220701,Dining,4
17031220701,"Financial, Insurance, Real Estate, Legal, and Professional",1
17031220701,Health Services,5
17031220701,Personal Service,3
17031220701,Religious (except school or residence),1
17031220701,Retail,6
17031220701,Social Services & Political Advocacy,1
17031220701,Trade Service,5
17031220701,"Wholesale, storage and transit",2
17031220702,Childcare and Schools,4
17031220702,Dining,4
17031220702,"Financial, Insurance, Real Estate, Legal, and Professional",3
17031220702,Health Services,4
17031220702,Industrial,5
17031220702,Personal Service,3
17031220702,Public Services,1
17031220702,Religious (except school or residence),1
17031220702,Retail,11
17031220702,Trade Service,17
17031220702,"Wholesale, storage and transit",3
17031220901,Arts and Entertainment,1
17031220901,Childcare and Schools,1
17031220901,Dining,1
17031220901,"Financial, Insurance, Real Estate, Legal, and Professional",2
17031220901,Fitness,2
17031220901,Health Services,1
17031220901,Personal Service,1
17031220901,Retail,3
17031220901,Service or Programmed Residential Space,1
17031220901,Trade Service,3
17031220901,"Wholesale, storage and transit",2
17031220902,Arts and Entertainment,4
17031220902,Childcare and Schools,4
17031220902,Dining,4
17031220902,"Financial, Insurance, Real Estate, Legal, and Professional",7
17031220902,Health Services,2
17031220902,Industrial,1
17031220902,Personal Service,2
17031220902,Retail,9
17031220902,Service or Programmed Residential Space,1
17031220902,Trade Service,8
17031220902,"Wholesale, storage and transit",5
17031221000,Arts and Entertainment,1
17031221000,Dining,8
17031221000,"Financial, Insurance, Real Estate, Legal, and Professional",8
17031221000,Fitness,1
17031221000,Health Services,3
17031221000,Personal Service,1
17031221000,Retail,4
17031221000,Trade Service,9
17031221000,"Wholesale, storage and transit",2
17031221100,Arts and Entertainment,6
17031221100,Childcare and Schools,2
17031221100,Dining,3
17031221100,"Financial, Insurance, Real Estate, Legal, and Professional",11
17031221100,Health Services,8
17031221100,Industrial,1
17031221100,Personal Service,8
17031221100,Religious (except school or residence),2
17031221100,Retail,8
17031221100,Service or Programmed Residential Space,4
17031221100,Social Services & Political Advocacy,3
17031221100,Trade Service,13
17031221100,"Wholesale, storage and transit",4
17031221200,Arts and Entertainment,3
17031221200,Childcare and Schools,2
17031221200,Dining,4
17031221200,"Financial, Insurance, Real Estate, Legal, and Professional",6
17031221200,Fitness,1
17031221200,Health Services,5
17031221200,Other,1
17031221200,Personal Service,4
17031221200,Religious (except school or residence),2
17031221200,Retail,5
17031221200,Social Services & Political Advocacy,1
17031221200,Trade Service,2
17031221300,Arts and Entertainment,5
17031221300,Childcare and Schools,2
17031221300,Dining,21
17031221300,"Financial, Insurance, Real Estate, Legal, and Professional",14
17031221300,Fitness,1
17031221300,Health Services,9
17031221300,Industrial,1
17031221300,Personal Service,6
17031221300,Public Services,2
17031221300,Religious (except school or residence),5
17031221300,Retail,17
17031221300,Service or Programmed Residential Space,2
17031221300,Social Services & Political Advocacy,2
17031221300,Trade Service,13
17031221300,"Wholesale, storage and transit",1
17031221400,Arts and Entertainment,5
17031221400,Childcare and Schools,4
17031221400,Dining,16
17031221400,"Financial, Insurance, Real Estate, Legal, and Professional",11
17031221400,Fitness,5
17031221400,Health Services,5
17031221400,Industrial,1
17031221400,Personal Service,8
17031221400,Public Services,1
17031221400,Retail,15
17031221400,Social Services & Political Advocacy,1
17031221400,Trade Service,21
17031221400,"Wholesale, storage and transit",3
17031221500,Arts and Entertainment,1
17031221500,Childcare and Schools,3
17031221500,Dining,9
17031221500,"Financial, Insurance, Real Estate, Legal, and Professional",8
17031221500,Fitness,1
17031221500,Health Services,3
17031221500,Industrial,1
17031221500,Personal Service,3
17031221500,Religious (except school or residence),1
17031221500,Retail,9
17031221500,Service or Programmed Residential Space,2
17031221500,Trade Service,6
17031221500,"Wholesale, storage and transit",1
17031221600,Arts and Entertainment,3
17031221600,Childcare and Schools,1
17031221600,Dining,12
17031221600,"Financial, Insurance, Real Estate, Legal, and Professional",24
17031221600,Fitness,3
17031221600,Health Services,8
17031221600,Industrial,1
17031221600,Other,1
17031221600,Personal Service,4
17031221600,Retail,8
17031221600,Service or Programmed Residential Space,1
17031221600,Social Services & Political Advocacy,2
17031221600,Trade Service,18
17031221600,"Wholesale, storage and transit",2
17031222200,Arts and Entertainment,6
17031222200,Childcare and Schools,3
17031222200,Dining,11
17031222200,"Financial, Insurance, Real Estate, Legal, and Professional",13
17031222200,Fitness,1
17031222200,Health Services,6
17031222200,Personal Service,4
17031222200,Retail,8
17031222200,Service or Programmed Residential Space,1
17031222200,Social Services & Political Advocacy,1
17031222200,Trade Service,14
17031222200,"Wholesale, storage and transit",3
17031222500,Childcare and Schools,1
17031222500,Dining,2
17031222500,"Financial, Insurance, Real Estate, Legal, and Professional",2
17031222500,Health Services,1
17031222500,Personal Service,3
17031222500,Public Services,1
17031222500,Religious (except school or residence),2
17031222500,Retail,2
17031222500,Trade Service,6
17031222500,"Wholesale, storage and transit",1
17031222600,Arts and Entertainment,1
17031222600,Dining,1
17031222600,"Financial, Insurance, Real Estate, Legal, and Professional",4
17031222600,Fitness,1
17031222600,Health Services,5
17031222600,Personal Service,2
17031222600,Religious (except school or residence),2
17031222600,Retail,3
17031222600,Social Services & Political Advocacy,1
17031222600,Trade Service,7
17031222600,"Wholesale, storage and transit",1
17031222700,Childcare and Schools,1
17031222700,Dining,8
17031222700,"Financial, Insurance, Real Estate, Legal, and Professional",4
17031222700,Health Services,4
17031222700,Industrial,1
17031222700,Religious (except school or residence),1
17031222700,Retail,8
17031222700,Social Services & Political Advocacy,2
17031222700,Trade Service,4
17031222800,Dining,2
17031222800,"Financial, Insurance, Real Estate, Legal, and Professional",2
17031222800,Personal Service,1
17031222800,Religious (except school or residence),1
17031222800,Retail,2
17031222800,Service or Programmed Residential Space,1
17031222800,Social Services & Political Advocacy,1
17031222900,Childcare and Schools,1
17031222900,Dining,2
17031222900,"Financial, Insurance, Real Estate, Legal, and Professional",2
17031222900,Fitness,2
17031222900,Health Services,3
17031222900,Personal Service,2
17031222900,Public Services,1
17031222900,Retail,4
17031222900,Trade Service,10
17031222900,"Wholesale, storage and transit",1
17031231500,Social Services & Political Advocacy,1
17031250200,Dining,3
17031250200,Industrial,5
17031250200,Personal Service,3
17031250200,Public Services,1
17031250200,Religious (except school or residence),1
17031250200,Retail,6
17031250200,Social Services & Political Advocacy,1
17031250200,Trade Service,5
17031250200,"Wholesale, storage and transit",2
17031250300,Childcare and Schools,1
17031250300,Dining,3
17031250300,"Financial, Insurance, Real Estate, Legal, and Professional",5
17031250300,Industrial,5
17031250300,Personal Service,6
17031250300,Religious (except school or residence),7
17031250300,Retail,6
17031250300,Social Services & Political Advocacy,1
17031250300,Trade Service,3
17031250300,"Wholesale, storage and transit",2
17031250400,Arts and Entertainment,2
17031250400,Childcare and Schools,3
17031250400,Dining,4
17031250400,"Financial, Insurance, Real Estate, Legal, and Professional",9
17031250400,Health Services,3
17031250400,Industrial,9
17031250400,Other,1
17031250400,Personal Service,13
17031250400,Public Services,1
17031250400,Religious (except school or residence),8
17031250400,Retail,13
17031250400,Social Services & Political Advocacy,1
17031250400,Trade Service,7
17031250400,"Wholesale, storage and transit",2
17031250500,Arts and Entertainment,1
17031250500,Childcare and Schools,3
17031250500,Dining,13
17031250500,"Financial, Insurance, Real Estate, Legal, and Professional",19
17031250500,Health Services,9
17031250500,Industrial,3
17031250500,Personal Service,9
17031250500,Public Services,2
17031250500,Religious (except school or residence),4
17031250500,Retail,11
17031250500,Service or Programmed Residential Space,1
17031250500,Social Services & Political Advocacy,2
17031250500,Trade Service,16
17031250500,"Wholesale, storage and transit",2
17031250600,Arts and Entertainment,2
17031250600,Childcare and Schools,6
17031250600,Dining,5
17031250600,"Financial, Insurance, Real Estate, Legal, and Professional",1
17031250600,Personal Service,7
17031250600,Religious (except school or residence),12
17031250600,Retail,11
17031250600,Social Services & Political Advocacy,2
17031250600,Trade Service,6
17031250600,"Wholesale, storage and transit",1
17031250700,Arts and Entertainment,1
17031250700,Childcare and Schools,1
17031250700,Dining,4
17031250700,"Financial, Insurance, Real Estate, Legal, and Professional",5
17031250700,Health Services,2
17031250700,Personal Service,9
17031250700,Religious (except school or residence),8
17031250700,Retail,15
17031250700,Trade Service,1
17031250700,"Wholesale, storage and transit",1
17031250800,Childcare and Schools,2
17031250800,Dining,3
17031250800,"Financial, Insurance, Real Estate, Legal, and Professional",1
17031250800,Fitness,1
17031250800,Industrial,3
17031250800,Personal Service,4
17031250800,Public Services,1
17031250800,Religious (except school or residence),2
17031250800,Retail,15
17031250800,Trade Service,4
17031250800,"Wholesale, storage and transit",1
17031251000,Arts and Entertainment,1
17031251000,Childcare and Schools,1
17031251000,Health Services,2
17031251000,Industrial,6
17031251000,Personal Service,1
17031251000,Public Services,1
17031251000,Religious (except school or residence),4
17031251000,Retail,5
17031251000,Trade Service,12
17031251000,"Wholesale, storage and transit",1
17031251100,Childcare and Schools,1
17031251100,Health Services,6
17031251100,Other,1
17031251100,Personal Service,4
17031251100,Public Services,1
17031251100,Religious (except school or residence),5
17031251100,Retail,10
17031251100,Service or Programmed Residential Space,1
17031251100,Social Services & Political Advocacy,3
17031251100,Trade Service,2
17031251200,Childcare and Schools,5
17031251200,Dining,2
17031251200,"Financial, Insurance, Real Estate, Legal, and Professional",3
17031251200,Personal Service,3
17031251200,Religious (except school or residence),5
17031251200,Retail,8
17031251200,Social Services & Political Advocacy,1
17031251200,Trade Service,2
17031251200,"Wholesale, storage and transit",1
17031251300,Childcare and Schools,5
17031251300,Dining,10
17031251300,"Financial, Insurance, Real Estate, Legal, and Professional",1
17031251300,Fitness,1
17031251300,Personal Service,3
17031251300,Religious (except school or residence),14
17031251300,Retail,7
17031251300,Service or Programmed Residential Space,1
17031251300,Social Services & Political Advocacy,2
17031251300,"Wholesale, storage and transit",2
17031251400,Arts and Entertainment,1
17031251400,Childcare and Schools,7
17031251400,Dining,3
17031251400,"Financial, Insurance, Real Estate, Legal, and Professional",4
17031251400,Health Services,1
17031251400,Other,1
17031251400,Personal Service,6
17031251400,Public Services,1
17031251400,Religious (except school or residence),9
17031251400,Retail,8
17031251400,Social Services & Political Advocacy,6
17031251400,Trade Service,4
17031251500,Childcare and Schools,2
17031251500,Dining,4
17031251500,"Financial, Insurance, Real Estate, Legal, and Professional",1
17031251500,Other,1
17031251500,Personal Service,3
17031251500,Religious (except school or residence),5
17031251500,Retail,7
17031251500,Service or Programmed Residential Space,2
17031251500,Social Services & Political Advocacy,2
17031251500,Trade Service,2
17031251600,Childcare and Schools,1
17031251600,Dining,2
17031251600,"Financial, Insurance, Real Estate, Legal, and Professional",1
17031251600,Religious (except school or residence),9
17031251600,Retail,4
17031251600,Service or Programmed Residential Space,1
17031251600,Social Services & Political Advocacy,2
17031251700,Childcare and Schools,3
17031251700,Dining,2
17031251700,"Financial, Insurance, Real Estate, Legal, and Professional",2
17031251700,Industrial,3
17031251700,Personal Service,4
17031251700,Religious (except school or residence),5
17031251700,Retail,11
17031251700,Social Services & Political Advocacy,1
17031251700,Trade Service,5
17031251700,"Wholesale, storage and transit",2
17031251800,Childcare and Schools,4
17031251800,Dining,3
17031251800,"Financial, Insurance, Real Estate, Legal, and Professional",2
17031251800,Health Services,2
17031251800,Industrial,3
17031251800,Personal Service,8
17031251800,Religious (except school or residence),16
17031251800,Retail,11
17031251800,Service or Programmed Residential Space,1
17031251800,Social Services & Political Advocacy,4
17031251800,Trade Service,4
17031251800,"Wholesale, storage and transit",3
17031251900,Arts and Entertainment,1
17031251900,Childcare and Schools,1
17031251900,Dining,3
17031251900,"Financial, Insurance, Real Estate, Legal, and Professional",1
17031251900,Health Services,3
17031251900,Other,1
17031251900,Religious (except school or residence),4
17031251900,Retail,6
17031251900,Service or Programmed Residential Space,1
17031251900,Trade Service,1
17031252000,Arts and Entertainment,1
17031252000,Childcare and Schools,7
17031252000,Dining,4
17031252000,"Financial, Insurance, Real Estate, Legal, and Professional",5
17031252000,Health Services,2
17031252000,Other,1
17031252000,Personal Service,8
17031252000,Religious (except school or residence),4
17031252000,Retail,4
17031252000,Service or Programmed Residential Space,2
17031252000,Social Services & Political Advocacy,2
17031252000,Trade Service,7
17031252101,Arts and Entertainment,3
17031252101,Childcare and Schools,1
17031252101,Dining,3
17031252101,"Financial, Insurance, Real Estate, Legal, and Professional",4
17031252101,Fitness,1
17031252101,Personal Service,2
17031252101,Public Services,1
17031252101,Religious (except school or residence),3
17031252101,Retail,3
17031252101,Trade Service,4
17031252102,Arts and Entertainment,3
17031252102,Childcare and Schools,1
17031252102,Dining,6
17031252102,"Financial, Insurance, Real Estate, Legal, and Professional",4
17031252102,Health Services,2
17031252102,Personal Service,12
17031252102,Public Services,2
17031252102,Religious (except school or residence),9
17031252102,Retail,12
17031252102,Trade Service,3
17031252201,Childcare and Schools,4
17031252201,Dining,2
17031252201,"Financial, Insurance, Real Estate, Legal, and Professional",1
17031252201,Fitness,1
17031252201,Health Services,3
17031252201,Industrial,1
17031252201,Personal Service,3
17031252201,Religious (except school or residence),3
17031252201,Retail,2
17031252201,Social Services & Political Advocacy,3
17031252201,Trade Service,1
17031252202,Childcare and Schools,1
17031252202,Dining,4
17031252202,Health Services,2
17031252202,Industrial,1
17031252202,Personal Service,1
17031252202,Religious (except school or residence),6
17031252202,Retail,6
17031252202,Service or Programmed Residential Space,3
17031252202,Social Services & Political Advocacy,1
17031252202,Trade Service,5
17031290900,Childcare and Schools,4
17031290900,Dining,1
17031290900,Fitness,1
17031290900,Health Services,1
17031290900,Industrial,3
17031290900,Personal Service,1
17031290900,Public Services,1
17031290900,Religious (except school or residence),20
17031290900,Retail,3
17031290900,Service or Programmed Residential Space,2
17031290900,Social Services & Political Advocacy,1
17031290900,Trade Service,6
17031290900,"Wholesale, storage and transit",1
17031291200,Childcare and Schools,2
17031291200,Dining,1
17031291200,Personal Service,1
17031291200,Religious (except school or residence),7
17031291200,Retail,2
17031291200,Social Services & Political Advocacy,1
17031291600,Industrial,1
17031291600,Trade Service,1
17031292200,Arts and Entertainment,1
17031292200,Childcare and Schools,4
17031292200,Dining,2
17031292200,Health Services,1
17031292200,Other,1
17031292200,Public Services,1
17031292200,Religious (except school or residence),5
17031292200,Retail,1
17031292200,Trade Service,3
17031292400,Childcare and Schools,1
17031292400,Dining,4
17031292400,"Financial, Insurance, Real Estate, Legal, and Professional",1
17031292400,Health Services,4
17031292400,Other,1
17031292400,Personal Service,5
17031292400,Public Services,2
17031292400,Religious (except school or residence),4
17031292400,Retail,3
17031292400,Social Services & Political Advocacy,4
17031292500,Childcare and Schools,3
17031292500,Dining,1
17031292500,"Financial, Insurance, Real Estate, Legal, and Professional",1
17031292500,Industrial,12
17031292500,Other,1
17031292500,Personal Service,1
17031292500,Religious (except school or residence),12
17031292500,Retail,9
17031292500,Service or Programmed Residential Space,1
17031292500,Trade Service,7
17031292500,"Wholesale, storage and transit",5
17031310800,Trade Service,1
17031310900,Personal Service,1
17031380100,Childcare and Schools,4
17031380100,Dining,3
17031380100,"Financial, Insurance, Real Estate, Legal, and Professional",2
17031380100,Fitness,1
17031380100,Personal Service,3
17031380100,Religious (except school or residence),6
17031380100,Retail,2
17031380100,Service or Programmed Residential Space,1
17031380100,Social Services & Political Advocacy,1
17031380100,Trade Service,2
17031380200,Childcare and Schools,1
17031380200,Dining,1
17031380200,"Financial, Insurance, Real Estate, Legal, and Professional",2
17031380200,Personal Service,1
17031380200,Religious (except school or residence),1
17031380200,Retail,4
17031380200,Service or Programmed Residential Space,1
17031380200,Social Services & Political Advocacy,1
17031380600,Childcare and Schools,4
17031380600,Dining,1
17031380600,Other,1
17031380600,Personal Service,2
17031380600,Public Services,1
17031380600,Religious (except school or residence),8
17031380600,Retail,1
17031380600,Service or Programmed Residential Space,6
17031380600,Social Services & Political Advocacy,2
17031380600,Trade Service,1
17031380600,"Wholesale, storage and transit",2
17031381200,Arts and Entertainment,3
17031381200,Dining,3
17031381200,"Financial, Insurance, Real Estate, Legal, and Professional",3
17031381200,Personal Service,6
17031381200,Religious (except school or residence),2
17031381200,Retail,2
17031381200,Social Services & Political Advocacy,1
17031381200,"Wholesale, storage and transit",1
17031381400,Childcare and Schools,3
17031381400,Dining,2
17031381400,"Financial, Insurance, Real Estate, Legal, and Professional",3
17031381400,Other,1
17031381400,Personal Service,2
17031381400,Public Services,1
17031381400,Religious (except school or residence),4
17031381400,Retail,9
17031381400,Service or Programmed Residential Space,1
17031381400,Social Services & Political Advocacy,1
17031381400,Trade Service,1
17031381500,Dining,2
17031381500,Industrial,1
17031381500,Personal Service,1
17031381500,Religious (except school or residence),1
17031381500,Retail,5
17031381500,Service or Programmed Residential Space,1
17031381700,Childcare and Schools,1
17031381700,Fitness,1
17031381700,Health Services,1
17031381700,Public Services,1
17031381700,Retail,1
17031381700,Trade Service,1
17031381700,"Wholesale, storage and transit",1
17031381800,Childcare and Schools,4
17031381800,Dining,1
17031381800,"Financial, Insurance, Real Estate, Legal, and Professional",2
17031381800,Health Services,1
17031381800,Personal Service,3
17031381800,Public Services,1
17031381800,Religious (except school or residence),4
17031381800,Retail,2
17031381800,Service or Programmed Residential Space,4
17031381800,Trade Service,1
17031381900,Arts and Entertainment,1
17031381900,Health Services,2
17031381900,Personal Service,1
17031381900,Religious (except school or residence),2
17031381900,Service or Programmed Residential Space,2
17031381900,Social Services & Political Advocacy,2
17031400300,Social Services & Political Advocacy,1
17031400300,"Wholesale, storage and transit",1
17031410100,Childcare and Schools,1
17031410100,Dining,2
17031410100,"Financial, Insurance, Real Estate, Legal, and Professional",4
17031410100,Fitness,1
17031410100,Health Services,7
17031410100,Personal Service,9
17031410100,Religious (except school or residence),3
17031410100,Retail,7
17031410100,Service or Programmed Residential Space,2
17031410100,Trade Service,5
17031410200,Childcare and Schools,2
17031410200,"Financial, Insurance, Real Estate, Legal, and Professional",1
17031410200,Health Services,1
17031410200,Service or Programmed Residential Space,2
17031410500,Arts and Entertainment,1
17031410500,Childcare and Schools,1
17031410500,Dining,2
17031410500,"Financial, Insurance, Real Estate, Legal, and Professional",2
17031410500,Health Services,1
17031410500,Social Services & Political Advocacy,3
17031410500,Trade Service,1
17031410500,"Wholesale, storage and transit",1
17031410600,Arts and Entertainment,3
17031410600,Childcare and Schools,4
17031410600,Dining,3
17031410600,"Financial, Insurance, Real Estate, Legal, and Professional",3
17031410600,Health Services,1
17031410600,Other,1
17031410600,Personal Service,3
17031410600,Public Services,2
17031410600,Religious (except school or residence),5
17031410600,Retail,4
17031410600,Trade Service,2
17031410700,Arts and Entertainment,1
17031410700,Childcare and Schools,4
17031410700,Dining,11
17031410700,"Financial, Insurance, Real Estate, Legal, and Professional",7
17031410700,Fitness,1
17031410700,Health Services,2
17031410700,Other,1
17031410700,Personal Service,6
17031410700,Public Services,2
17031410700,Religious (except school or residence),1
17031410700,Retail,7
17031410700,Service or Programmed Residential Space,3
17031410700,Social Services & Political Advocacy,1
17031410700,Trade Service,5
17031410800,Arts and Entertainment,3
17031410800,Childcare and Schools,4
17031410800,Dining,25
17031410800,"Financial, Insurance, Real Estate, Legal, and Professional",37
17031410800,Fitness,1
17031410800,Health Services,52
17031410800,Other,2
17031410800,Personal Service,9
17031410800,Public Services,3
17031410800,Religious (except school or residence),1
17031410800,Retail,24
17031410800,Service or Programmed Residential Space,3
17031410800,Social Services & Political Advocacy,6
17031410800,Trade Service,7
17031410800,"Wholesale, storage and transit",1
17031410900,Arts and Entertainment,1
17031410900,Childcare and Schools,7
17031410900,Dining,3
17031410900,"Financial, Insurance, Real Estate, Legal, and Professional",7
17031410900,Fitness,4
17031410900,Health Services,3
17031410900,Personal Service,2
17031410900,Religious (except school or residence),3
17031410900,Retail,3
17031410900,Service or Programmed Residential Space,1
17031410900,Social Services & Political Advocacy,2
17031410900,Trade Service,2
17031411000,Arts and Entertainment,5
17031411000,Childcare and Schools,4
17031411000,Dining,8
17031411000,"Financial, Insurance, Real Estate, Legal, and Professional",12
17031411000,Fitness,1
17031411000,Health Services,4
17031411000,Personal Service,7
17031411000,Retail,5
17031411000,Service or Programmed Residential Space,2
17031411000,Trade Service,4
17031411100,Arts and Entertainment,2
17031411100,Childcare and Schools,2
17031411100,Dining,5
17031411100,"Financial, Insurance, Real Estate, Legal, and Professional",6
17031411100,Fitness,3
17031411100,Health Services,8
17031411100,Personal Service,7
17031411100,Public Services,2
17031411100,Retail,2
17031411100,Service or Programmed Residential Space,1
17031411100,Social Services & Political Advocacy,2
17031411100,Trade Service,2
17031411100,"Wholesale, storage and transit",2
17031411200,Arts and Entertainment,1
17031411200,Childcare and Schools,14
17031411200,Dining,7
17031411200,"Financial, Insurance, Real Estate, Legal, and Professional",3
17031411200,Health Services,3
17031411200,Personal Service,1
17031411200,Religious (except school or residence),4
17031411200,Retail,2
17031411200,Service or Programmed Residential Space,1
17031411200,Social Services & Political Advocacy,1
17031411200,Trade Service,1
17031431200,Retail,1
17031460100,Childcare and Schools,3
17031460100,Dining,4
17031460100,Religious (except school or residence),4
17031460100,Retail,2
17031460100,Trade Service,2
17031460200,Dining,1
17031460200,Fitness,1
17031460200,Health Services,1
17031460200,Industrial,1
17031460200,Religious (except school or residence),2
17031460200,Retail,2
17031460200,Trade Service,7
17031460301,Arts and Entertainment,1
17031460301,Childcare and Schools,1
17031460301,Dining,2
17031460301,Industrial,1
17031460301,Religious (except school or residence),1
17031460301,Retail,3
17031460301,Service or Programmed Residential Space,1
17031460301,Social Services & Political Advocacy,3
17031460301,Trade Service,2
17031460302,Childcare and Schools,2
17031460302,Dining,1
17031460302,"Financial, Insurance, Real Estate, Legal, and Professional",1
17031460302,Health Services,1
17031460302,Personal Service,2
17031460302,Religious (except school or residence),8
17031460302,Retail,4
17031460302,Service or Programmed Residential Space,1
17031460302,Trade Service,4
17031460400,Arts and Entertainment,2
17031460400,Childcare and Schools,2
17031460400,Dining,3
17031460400,Health Services,1
17031460400,Personal Service,1
17031460400,Religious (except school or residence),2
17031460400,Retail,1
17031460500,Arts and Entertainment,4
17031460500,Childcare and Schools,6
17031460500,Dining,1
17031460500,"Financial, Insurance, Real Estate, Legal, and Professional",4
17031460500,Health Services,11
17031460500,Industrial,1
17031460500,Personal Service,4
17031460500,Religious (except school or residence),14
17031460500,Retail,4
17031460500,Service or Programmed Residential Space,1
17031460500,Social Services & Political Advocacy,4
17031460500,Trade Service,6
17031460500,"Wholesale, storage and transit",1
17031460800,Childcare and Schools,3
17031460800,Dining,3
17031460800,"Financial, Insurance, Real Estate, Legal, and Professional",1
17031460800,Other,1
17031460800,Personal Service,2
17031460800,Religious (except school or residence),3
17031460800,Retail,4
17031460800,Service or Programmed Residential Space,1
17031460800,Social Services & Political Advocacy,1
17031460800,Trade Service,3
17031461000,Childcare and Schools,1
17031461000,Dining,5
17031461000,"Financial, Insurance, Real Estate, Legal, and Professional",20
17031461000,Health Services,8
17031461000,Industrial,2
17031461000,Personal Service,2
17031461000,Public Services,2
17031461000,Religious (except school or residence),3
17031461000,Retail,11
17031461000,Service or Programmed Residential Space,6
17031461000,Social Services & Political Advocacy,4
17031461000,Trade Service,3
17031461000,"Wholesale, storage and transit",1
17031540101,Childcare and Schools,5
17031540101,Public Services,1
17031540101,Religious (except school or residence),1
17031540101,Retail,2
17031540101,Social Services & Political Advocacy,1
17031540101,Trade Service,1
17031540101,"Wholesale, storage and transit",1
17031540102,Arts and Entertainment,1
17031540102,Childcare and Schools,2
17031540102,Fitness,1
17031540102,Health Services,1
17031540102,Industrial,2
17031540102,Other,1
17031540102,Public Services,1
17031540102,Retail,1
17031540102,Trade Service,2
17031540102,"Wholesale, storage and transit",2
17031580100,Arts and Entertainment,1
17031580100,Childcare and Schools,3
17031580100,Dining,6
17031580100,"Financial, Insurance, Real Estate, Legal, and Professional",1
17031580100,Fitness,2
17031580100,Industrial,5
17031580100,Personal Service,5
17031580100,Religious (except school or residence),3
17031580100,Retail,9
17031580100,Trade Service,8
17031580100,"Wholesale, storage and transit",4
17031580200,Arts and Entertainment,1
17031580200,Dining,4
17031580200,Industrial,1
17031580200,Retail,1
17031580200,Trade Service,6
17031580200,"Wholesale, storage and transit",5
17031580300,Childcare and Schools,1
17031580300,Dining,1
17031580300,Industrial,2
17031580300,Personal Service,1
17031580300,Retail,1
17031580300,Trade Service,8
17031580300,"Wholesale, storage and transit",3
17031580400,Arts and Entertainment,2
17031580400,Childcare and Schools,3
17031580400,Dining,12
17031580400,"Financial, Insurance, Real Estate, Legal, and Professional",10
17031580400,Health Services,5
17031580400,Industrial,1
17031580400,Personal Service,9
17031580400,Retail,11
17031580400,Social Services & Political Advocacy,2
17031580400,Trade Service,16
17031580400,"Wholesale, storage and transit",2
17031580501,Arts and Entertainment,3
17031580501,Childcare and Schools,5
17031580501,Dining,8
17031580501,"Financial, Insurance, Real Estate, Legal, and Professional",7
17031580501,Fitness,1
17031580501,Health Services,4
17031580501,Personal Service,3
17031580501,Public Services,1
17031580501,Religious (except school or residence),3
17031580501,Retail,11
17031580501,Social Services & Political Advocacy,1
17031580501,Trade Service,9
17031580502,Arts and Entertainment,2
17031580502,Childcare and Schools,7
17031580502,Dining,13
17031580502,"Financial, Insurance, Real Estate, Legal, and Professional",10
17031580502,Health Services,11
17031580502,Personal Service,7
17031580502,Public Services,1
17031580502,Retail,22
17031580502,Service or Programmed Residential Space,1
17031580502,Social Services & Political Advocacy,1
17031580502,Trade Service,9
17031580502,"Wholesale, storage and transit",2
17031580600,Childcare and Schools,2
17031580600,Dining,7
17031580600,"Financial, Insurance, Real Estate, Legal, and Professional",5
17031580600,Industrial,1
17031580600,Personal Service,11
17031580600,Religious (except school or residence),1
17031580600,Retail,7
17031580600,Trade Service,6
17031580600,"Wholesale, storage and transit",1
17031580700,Arts and Entertainment,2
17031580700,Dining,3
17031580700,"Financial, Insurance, Real Estate, Legal, and Professional",1
17031580700,Health Services,1
17031580700,Personal Service,2
17031580700,Religious (except school or residence),2
17031580700,Retail,4
17031580700,Trade Service,11
17031580700,"Wholesale, storage and transit",1
17031580800,Dining,7
17031580800,"Financial, Insurance, Real Estate, Legal, and Professional",2
17031580800,Health Services,1
17031580800,Personal Service,1
17031580800,Retail,5
17031580800,Trade Service,7
17031580800,"Wholesale, storage and transit",1
17031640400,Trade Service,1
17031670100,Childcare and Schools,1
17031670100,"Financial, Insurance, Real Estate, Legal, and Professional",1
17031670100,Religious (except school or residence),1
17031670100,Retail,1
17031670100,Social Services & Political Advocacy,1
17031670100,Trade Service,1
17031670200,"Financial, Insurance, Real Estate, Legal, and Professional",1
17031670200,Personal Service,2
17031670200,Religious (except school or residence),1
17031670200,Retail,3
17031670200,Trade Service,3
17031670300,Childcare and Schools,1
17031670300,Dining,5
17031670300,"Financial, Insurance, Real Estate, Legal, and Professional",1
17031670300,Other,2
17031670300,Personal Service,1
17031670300,Religious (except school or residence),4
17031670300,Retail,4
17031670300,Social Services & Political Advocacy,1
17031670300,Trade Service,1
17031670400,Childcare and Schools,1
17031670400,Dining,1
17031670400,Other,1
17031670400,Religious (except school or residence),2
17031670400,Retail,2
17031670500,Fitness,1
17031670500,Personal Service,1
17031670500,Religious (except school or residence),1
17031670500,Retail,3
17031670500,Trade Service,1
17031670500,"Wholesale, storage and transit",1
17031670600,Childcare and Schools,1
17031670600,Religious (except school or residence),3
17031670700,Dining,1
17031670700,"Financial, Insurance, Real Estate, Legal, and Professional",2
17031670700,Health Services,2
17031670700,Personal Service,3
17031670700,Religious (except school or residence),4
17031670700,Retail,7
17031670700,Social Services & Political Advocacy,2
17031670700,Trade Service,2
17031670800,Childcare and Schools,2
17031670800,Dining,1
17031670800,"Financial, Insurance, Real Estate, Legal, and Professional",3
17031670800,Health Services,1
17031670800,Personal Service,4
17031670800,Public Services,3
17031670800,Religious (except school or residence),2
17031670800,Retail,5
17031670800,Service or Programmed Residential Space,1
17031670800,Trade Service,1
17031670800,"Wholesale, storage and transit",1
17031670900,Childcare and Schools,1
17031670900,Personal Service,1
17031670900,Religious (except school or residence),5
17031670900,Retail,1
17031670900,Trade Service,1
17031671100,Childcare and Schools,3
17031671100,Personal Service,1
17031671100,Public Services,1
17031671100,Religious (except school or residence),3
17031671100,Trade Service,1
17031671100,"Wholesale, storage and transit",1
17031671200,Dining,1
17031671200,Personal Service,1
17031671200,Public Services,2
17031671200,Religious (except school or residence),3
17031671200,Retail,3
17031671200,Social Services & Political Advocacy,1
17031671300,Childcare and Schools,1
17031671300,Dining,2
17031671300,Personal Service,2
17031671300,Religious (except school or residence),1
17031671300,Retail,1
17031671300,Trade Service,2
17031671400,Childcare and Schools,1
17031671400,Dining,1
17031671400,Personal Service,1
17031671400,Retail,2
17031671400,Service or Programmed Residential Space,1
17031671400,Social Services & Political Advocacy,1
17031671500,Childcare and Schools,2
17031671500,Dining,5
17031671500,"Financial, Insurance, Real Estate, Legal, and Professional",2
17031671500,Personal Service,2
17031671500,Religious (except school or residence),1
17031671500,Retail,10
17031671500,Trade Service,2
17031671600,Dining,2
17031671600,"Financial, Insurance, Real Estate, Legal, and Professional",1
17031671600,Other,1
17031671600,Personal Service,2
17031671600,Religious (except school or residence),8
17031671600,Retail,6
17031671600,Service or Programmed Residential Space,1
17031671600,Social Services & Political Advocacy,1
17031671600,Trade Service,2
17031671800,Childcare and Schools,3
17031671800,Religious (except school or residence),3
17031671800,Retail,2
17031671800,Trade Service,1
17031671900,"Financial, Insurance, Real Estate, Legal, and Professional",1
17031671900,Religious (except school or residence),2
17031671900,Retail,3
17031671900,Trade Service,1
17031671900,"Wholesale, storage and transit",1
17031672000,Childcare and Schools,4
17031672000,Industrial,2
17031672000,Personal Service,3
17031672000,Religious (except school or residence),2
17031672000,Retail,3
17031672000,Social Services & Political Advocacy,1
17031672000,Trade Service,2
17031680500,Fitness,1
17031680500,Religious (except school or residence),4
17031680600,Personal Service,1
17031680600,Religious (except school or residence),3
17031680600,Retail,5
17031680900,Childcare and Schools,8
17031680900,Dining,3
17031680900,Health Services,2
17031680900,Personal Service,1
17031680900,Public Services,1
17031680900,Religious (except school or residence),8
17031680900,Retail,8
17031680900,Service or Programmed Residential Space,4
17031680900,Social Services & Political Advocacy,1
17031680900,Trade Service,1
17031681000,Childcare and Schools,2
17031681000,Dining,1
17031681000,"Financial, Insurance, Real Estate, Legal, and Professional",2
17031681000,Health Services,5
17031681000,Personal Service,3
17031681000,Retail,5
17031681000,Service or Programmed Residential Space,2
17031681000,Social Services & Political Advocacy,1
17031681100,Childcare and Schools,2
17031681100,Dining,3
17031681100,"Financial, Insurance, Real Estate, Legal, and Professional",1
17031681100,Health Services,1
17031681100,Personal Service,1
17031681100,Religious (except school or residence),9
17031681100,Retail,1
17031681100,Social Services & Political Advocacy,1
17031681100,Trade Service,1
17031681200,Childcare and Schools,4
17031681200,Dining,4
17031681200,Health Services,1
17031681200,Religious (except school or residence),5
17031681200,Retail,5
17031681200,Service or Programmed Residential Space,1
17031681200,Social Services & Political Advocacy,1
17031681200,Trade Service,1
17031681300,Childcare and Schools,1
17031681300,Fitness,1
17031681300,Public Services,1
17031681300,Religious (except school or residence),2
17031681300,Retail,2
17031681300,Trade Service,1
17031681400,Childcare and Schools,3
17031681400,Dining,1
17031681400,Religious (except school or residence),5
17031681400,Retail,6
17031681400,Trade Service,2
17031681400,"Wholesale, storage and transit",1
17031710100,Childcare and Schools,2
17031710100,Dining,2
17031710100,Health Services,1
17031710100,Personal Service,2
17031710100,Religious (except school or residence),2
17031710100,Retail,4
17031710100,Service or Programmed Residential Space,1
17031710100,Social Services & Political Advocacy,1
17031710100,Trade Service,3
17031710200,Arts and Entertainment,1
17031710200,Childcare and Schools,2
17031710200,Dining,2
17031710200,"Financial, Insurance, Real Estate, Legal, and Professional",1
17031710200,Personal Service,2
17031710200,Public Services,1
17031710200,Religious (except school or residence),5
17031710200,Retail,4
17031710200,Social Services & Political Advocacy,1
17031710200,Trade Service,2
17031710300,Arts and Entertainment,1
17031710300,Childcare and Schools,1
17031710300,Dining,1
17031710300,Industrial,1
17031710300,Religious (except school or residence),5
17031710300,Retail,2
17031710300,Service or Programmed Residential Space,1
17031710300,Social Services & Political Advocacy,2
17031710300,"Wholesale, storage and transit",1
17031710400,Childcare and Schools,4
17031710400,Dining,6
17031710400,"Financial, Insurance, Real Estate, Legal, and Professional",2
17031710400,Fitness,1
17031710400,Personal Service,6
17031710400,Religious (except school or residence),11
17031710400,Retail,8
17031710400,Trade Service,2
17031710400,"Wholesale, storage and transit",1
17031710500,Childcare and Schools,7
17031710500,Dining,4
17031710500,"Financial, Insurance, Real Estate, Legal, and Professional",6
17031710500,Fitness,1
17031710500,Health Services,1
17031710500,Personal Service,5
17031710500,Public Services,1
17031710500,Religious (except school or residence),6
17031710500,Retail,12
17031710500,Service or Programmed Residential Space,2
17031710500,Trade Service,4
17031710500,"Wholesale, storage and transit",3
17031710600,Childcare and Schools,4
17031710600,Dining,1
17031710600,"Financial, Insurance, Real Estate, Legal, and Professional",3
17031710600,Personal Service,3
17031710600,Religious (except school or residence),2
17031710600,Retail,4
17031710700,Childcare and Schools,4
17031710700,Dining,3
17031710700,"Financial, Insurance, Real Estate, Legal, and Professional",1
17031710700,Health Services,2
17031710700,Personal Service,7
17031710700,Public Services,1
17031710700,Religious (except school or residence),9
17031710700,Retail,5
17031710700,Service or Programmed Residential Space,4
17031710700,Trade Service,4
17031710700,"Wholesale, storage and transit",1
17031710800,Arts and Entertainment,1
17031710800,Childcare and Schools,7
17031710800,Dining,6
17031710800,"Financial, Insurance, Real Estate, Legal, and Professional",3
17031710800,Health Services,3
17031710800,Personal Service,5
17031710800,Public Services,2
17031710800,Religious (except school or residence),7
17031710800,Retail,10
17031710800,Service or Programmed Residential Space,2
17031710800,Social Services & Political Advocacy,8
17031710800,Trade Service,5
17031710900,Childcare and Schools,2
17031710900,Dining,2
17031710900,Industrial,1
17031710900,Other,1
17031710900,Personal Service,2
17031710900,Public Services,1
17031710900,Religious (except school or residence),2
17031710900,Retail,6
17031710900,Service or Programmed Residential Space,2
17031710900,Social Services & Political Advocacy,3
17031710900,Trade Service,3
17031710900,"Wholesale, storage and transit",1
17031711000,Arts and Entertainment,2
17031711000,Childcare and Schools,4
17031711000,Dining,3
17031711000,"Financial, Insurance, Real Estate, Legal, and Professional",3
17031711000,Personal Service,6
17031711000,Religious (except school or residence),14
17031711000,Retail,2
17031711000,Social Services & Political Advocacy,1
17031711000,Trade Service,1
17031711000,"Wholesale, storage and transit",1
17031711100,Arts and Entertainment,1
17031711100,Childcare and Schools,4
17031711100,Dining,3
17031711100,"Financial, Insurance, Real Estate, Legal, and Professional",4
17031711100,Fitness,1
17031711100,Personal Service,7
17031711100,Public Services,1
17031711100,Religious (except school or residence),12
17031711100,Retail,9
17031711100,Trade Service,4
17031711200,Arts and Entertainment,2
17031711200,Childcare and Schools,9
17031711200,Dining,3
17031711200,"Financial, Insurance, Real Estate, Legal, and Professional",2
17031711200,Fitness,1
17031711200,Health Services,6
17031711200,Personal Service,9
17031711200,Religious (except school or residence),10
17031711200,Retail,2
17031711200,Service or Programmed Residential Space,1
17031711200,Social Services & Political Advocacy,1
17031711200,Trade Service,2
17031711200,"Wholesale, storage and transit",1
17031711300,Arts and Entertainment,2
17031711300,Childcare and Schools,2
17031711300,Dining,4
17031711300,"Financial, Insurance, Real Estate, Legal, and Professional",3
17031711300,Health Services,2
17031711300,Personal Service,5
17031711300,Religious (except school or residence),4
17031711300,Retail,2
17031711300,Service or Programmed Residential Space,1
17031711300,Social Services & Political Advocacy,1
17031711300,Trade Service,1
17031711400,Arts and Entertainment,1
17031711400,Childcare and Schools,2
17031711400,Dining,3
17031711400,"Financial, Insurance, Real Estate, Legal, and Professional",4
17031711400,Industrial,1
17031711400,Personal Service,7
17031711400,Public Services,1
17031711400,Religious (except school or residence),6
17031711400,Retail,11
17031711400,Service or Programmed Residential Space,1
17031711400,Social Services & Political Advocacy,1
17031711400,Trade Service,7
17031711400,"Wholesale, storage and transit",4
17031711500,Childcare and Schools,4
17031711500,Religious (except school or residence),3
17031711500,Trade Service,1
17031821500,Childcare and Schools,1
17031830700,Arts and Entertainment,3
17031830700,Childcare and Schools,5
17031830700,Dining,19
17031830700,"Financial, Insurance, Real Estate, Legal, and Professional",36
17031830700,Fitness,1
17031830700,Health Services,29
17031830700,Other,3
17031830700,Personal Service,11
17031830700,Public Services,2
17031830700,Religious (except school or residence),4
17031830700,Retail,18
17031830700,Service or Programmed Residential Space,5
17031830700,Social Services & Political Advocacy,17
17031830700,Trade Service,11
17031830700,"Wholesale, storage and transit",2
17031830800,Arts and Entertainment,1
17031830800,Dining,1
17031830800,Health Services,1
17031830800,Retail,2
17031830800,Trade Service,2
17031830900,Arts and Entertainment,9
17031830900,Childcare and Schools,2
17031830900,Dining,17
17031830900,"Financial, Insurance, Real Estate, Legal, and Professional",18
17031830900,Fitness,4
17031830900,Health Services,10
17031830900,Industrial,4
17031830900,Personal Service,12
17031830900,Retail,38
17031830900,Service or Programmed Residential Space,1
17031830900,Trade Service,29
17031830900,"Wholesale, storage and transit",7
17031831000,Arts and Entertainment,2
17031831000,Childcare and Schools,1
17031831000,Dining,2
17031831000,"Financial, Insurance, Real Estate, Legal, and Professional",6
17031831000,Fitness,1
17031831000,Health Services,1
17031831000,Industrial,2
17031831000,Personal Service,3
17031831000,Public Services,2
17031831000,Retail,2
17031831000,Social Services & Political Advocacy,1
17031831000,Trade Service,9
17031831000,"Wholesale, storage and transit",1
17031831200,Arts and Entertainment,1
17031831200,Childcare and Schools,3
17031831200,Dining,6
17031831200,"Financial, Insurance, Real Estate, Legal, and Professional",5
17031831200,Health Services,4
17031831200,Industrial,3
17031831200,Personal Service,4
17031831200,Religious (except school or residence),5
17031831200,Retail,19
17031831200,Service or Programmed Residential Space,1
17031831200,Social Services & Political Advocacy,2
17031831200,Trade Service,9
17031831200,"Wholesale, storage and transit",7
17031831300,Arts and Entertainment,1
17031831300,Dining,1
17031831300,"Financial, Insurance, Real Estate, Legal, and Professional",1
17031831300,Health Services,1
17031831300,Industrial,7
17031831300,Personal Service,3
17031831300,Retail,13
17031831300,Trade Service,10
17031831300,"Wholesale, storage and transit",2
17031831400,Arts and Entertainment,1
17031831400,Childcare and Schools,5
17031831400,Dining,6
17031831400,"Financial, Insurance, Real Estate, Legal, and Professional",3
17031831400,Health Services,4
17031831400,Industrial,12
17031831400,Personal Service,3
17031831400,Public Services,1
17031831400,Religious (except school or residence),3
17031831400,Retail,23
17031831400,Service or Programmed Residential Space,1
17031831400,Social Services & Political Advocacy,2
17031831400,Trade Service,20
17031831400,"Wholesale, storage and transit",10
17031832200,Arts and Entertainment,8
17031832200,Childcare and Schools,3
17031832200,Dining,15
17031832200,"Financial, Insurance, Real Estate, Legal, and Professional",20
17031832200,Fitness,2
17031832200,Health Services,10
17031832200,Industrial,1
17031832200,Other,1
17031832200,Personal Service,14
17031832200,Religious (except school or residence),2
17031832200,Retail,13
17031832200,Social Services & Political Advocacy,1
17031832200,Trade Service,18
17031832200,"Wholesale, storage and transit",1
17031832300,Arts and Entertainment,3
17031832300,Childcare and Schools,6
17031832300,Dining,12
17031832300,"Financial, Insurance, Real Estate, Legal, and Professional",39
17031832300,Fitness,5
17031832300,Health Services,14
17031832300,Industrial,8
17031832300,Personal Service,6
17031832300,Religious (except school or residence),2
17031832300,Retail,24
17031832300,Service or Programmed Residential Space,1
17031832300,Social Services & Political Advocacy,3
17031832300,Trade Service,31
17031832300,"Wholesale, storage and transit",13
17031832400,Arts and Entertainment,6
17031832400,Childcare and Schools,3
17031832400,Dining,5
17031832400,"Financial, Insurance, Real Estate, Legal, and Professional",14
17031832400,Fitness,1
17031832400,Health Services,5
17031832400,Industrial,1
17031832400,Personal Service,4
17031832400,Public Services,1
17031832400,Retail,10
17031832400,Social Services & Political Advocacy,2
17031832400,Trade Service,10
17031832400,"Wholesale, storage and transit",2
17031833900,Arts and Entertainment,1
17031833900,Childcare and Schools,6
17031833900,Dining,4
17031833900,"Financial, Insurance, Real Estate, Legal, and Professional",5
17031833900,Fitness,1
17031833900,Health Services,4
17031833900,Other,1
17031833900,Personal Service,3
17031833900,Public Services,1
17031833900,Religious (except school or residence),6
17031833900,Retail,11
17031833900,Service or Programmed Residential Space,1
17031833900,Social Services & Political Advocacy,4
17031833900,Trade Service,1
17031834600,Childcare and Schools,4
17031834600,Dining,1
17031834600,Fitness,1
17031834600,Other,1
17031834600,Public Services,1
17031834600,Religious (except school or residence),4
17031834600,Retail,1
17031834600,Service or Programmed Residential Space,1
17031834600,Social Services & Political Advocacy,1
17031834600,"Wholesale, storage and transit",1
17031834700,Childcare and Schools,3
17031834700,Religious (except school or residence),3
17031834700,Retail,4
17031834700,Social Services & Political Advocacy,2
17031834700,Trade Service,1
17031834800,Childcare and Schools,1
17031834800,Health Services,1
17031834800,Other,1
17031834800,Personal Service,1
17031834800,Religious (except school or residence),1
17031834800,Retail,1
17031834800,Service or Programmed Residential Space,1
17031834800,Social Services & Political Advocacy,2
17031834900,Childcare and Schools,3
17031834900,Dining,1
17031834900,Fitness,1
17031834900,Personal Service,2
17031834900,Religious (except school or residence),3
17031834900,Retail,1
17031834900,Service or Programmed Residential Space,2
17031835200,Dining,1
17031835800,Dining,3
17031835800,Personal Service,1
17031835800,Religious (except school or residence),6
17031835800,Retail,4
17031836000,Arts and Entertainment,1
17031836000,Childcare and Schools,4
17031836000,"Financial, Insurance, Real Estate, Legal, and Professional",1
17031836000,Health Services,1
17031836000,Personal Service,2
17031836000,Public Services,1
17031836000,Religious (except school or residence),8
17031836000,Social Services & Political Advocacy,3
17031836000,Trade Service,1
17031836200,Arts and Entertainment,13
17031836200,Childcare and Schools,55
17031836200,Dining,13
17031836200,"Financial, Insurance, Real Estate, Legal, and Professional",3
17031836200,Fitness,2
17031836200,Health Services,10
17031836200,Other,2
17031836200,Public Services,3
17031836200,Religious (except school or residence),9
17031836200,Retail,2
17031836200,Service or Programmed Residential Space,4
17031836200,Social Services & Political Advocacy,4
17031836200,Trade Service,2
17031836200,"Wholesale, storage and transit",4
17031836300,Childcare and Schools,1
17031836300,"Financial, Insurance, Real Estate, Legal, and Professional",1
17031836300,Trade Service,1
17031836300,"Wholesale, storage and transit",1
17031838600,Childcare and Schools,1
17031838600,Personal Service,1
17031838600,Religious (except school or residence),3
17031838600,Retail,3
17031838600,Service or Programmed Residential Space,1
17031838600,Social Services & Political Advocacy,1
17031838600,Trade Service,3
17031838600,"Wholesale, storage and transit",3
17031838700,Childcare and Schools,2
17031838700,Dining,5
17031838700,"Financial, Insurance, Real Estate, Legal, and Professional",3
17031838700,Health Services,2
17031838700,Other,1
17031838700,Personal Service,2
17031838700,Religious (except school or residence),13
17031838700,Retail,13
17031838700,Service or Programmed Residential Space,1
17031838700,Social Services & Political Advocacy,2
17031838700,Trade Service,2
17031839000,"Financial, Insurance, Real Estate, Legal, and Professional",1
17031841500,Childcare and Schools,5
17031841500,"Financial, Insurance, Real Estate, Legal, and Professional",4
17031841500,Personal Service,1
17031841500,Public Services,1
17031841500,Religious (except school or residence),10
17031841500,Retail,5
17031841500,Service or Programmed Residential Space,1
17031841500,Trade Service,2
17031842400,Trade Service,1
17031842800,Arts and Entertainment,3
17031842800,Childcare and Schools,5
17031842800,Dining,12
17031842800,"Financial, Insurance, Real Estate, Legal, and Professional",10
17031842800,Health Services,6
17031842800,Industrial,14
17031842800,Personal Service,4
17031842800,Public Services,4
17031842800,Religious (except school or residence),1
17031842800,Retail,30
17031842800,Social Services & Political Advocacy,1
17031842800,Trade Service,20
17031842800,Unknown,1
17031842800,"Wholesale, storage and transit",20
17031843000,Arts and Entertainment,2
17031843000,Childcare and Schools,7
17031843000,Dining,10
17031843000,"Financial, Insurance, Real Estate, Legal, and Professional",3
17031843000,Fitness,2
17031843000,Health Services,5
17031843000,Industrial,9
17031843000,Other,1
17031843000,Personal Service,4
17031843000,Public Services,3
17031843000,Religious (except school or residence),8
17031843000,Retail,16
17031843000,Service or Programmed Residential Space,2
17031843000,Social Services & Political Advocacy,4
17031843000,Trade Service,5
17031843000,"Wholesale, storage and transit",2
17031843100,Arts and Entertainment,1
17031843100,Childcare and Schools,3
17031843100,Fitness,1
17031843100,Health Services,2
17031843100,Personal Service,1
17031843100,Religious (except school or residence),5
17031843100,Retail,1
17031843100,Service or Programmed Residential Space,1
17031843100,Trade Service,1
17031843300,Arts and Entertainment,1
17031843300,Childcare and Schools,3
17031843300,"Financial, Insurance, Real Estate, Legal, and Professional",2
17031843300,Health Services,10
17031843300,Industrial,4
17031843300,Public Services,1
17031843300,Religious (except school or residence),5
17031843300,Retail,1
17031843300,Social Services & Political Advocacy,2
17031843300,Trade Service,6
17031843400,Arts and Entertainment,1
17031843400,Childcare and Schools,1
17031843400,Dining,3
17031843400,"Financial, Insurance, Real Estate, Legal, and Professional",2
17031843400,Health Services,1
17031843400,Industrial,5
17031843400,Personal Service,1
17031843400,Public Services,1
17031843400,Religious (except school or residence),4
17031843400,Retail,15
17031843400,Trade Service,16
17031843400,"Wholesale, storage and transit",5
17031843600,Arts and Entertainment,1
17031843600,Childcare and Schools,2
17031843600,Dining,8
17031843600,"Financial, Insurance, Real Estate, Legal, and Professional",5
17031843600,Health Services,3
17031843600,Personal Service,5
17031843600,Public Services,1
17031843600,Religious (except school or residence),1
17031843600,Retail,7
17031843600,Service or Programmed Residential Space,1
17031843600,Social Services & Political Advocacy,1
17031843600,Trade Service,4
17031844600,Arts and Entertainment,1
17031844600,Childcare and Schools,1
17031844600,Dining,1
17031844600,"Financial, Insurance, Real Estate, Legal, and Professional",1
17031844600,Fitness,1
17031844600,Health Services,2
17031844600,Personal Service,2
17031844600,Religious (except school or residence),7
17031844600,Retail,1
17031844600,Service or Programmed Residential Space,3
17031844600,Social Services & Political Advocacy,6
17031844600,Unknown,1
17031844700,Arts and Entertainment,1
17031844700,Childcare and Schools,4
17031844700,Health Services,2
17031844700,Other,4
17031844700,Personal Service,1
17031844700,Public Services,1
17031844700,Religious (except school or residence),9
17031844700,Retail,4
17031844700,Social Services & Political Advocacy,3
17031844700,Trade Service,5
